Provincia;Municipio;URL
Burgos;Abajas;http://www.axesor.es/directorio-informacion-empresas/empresas-de-Burgos/informacion-empresas-de-Abajas/1
Burgos;Adrada De Haza;http://www.axesor.es/directorio-informacion-empresas/empresas-de-Burgos/informacion-empresas-de-Adrada-De-Haza/1
Burgos;Aguas Candidas;http://www.axesor.es/directorio-informacion-empresas/empresas-de-Burgos/informacion-empresas-de-Aguas-Candidas/1
Burgos;Aguilar De Bureba;http://www.axesor.es/directorio-informacion-empresas/empresas-de-Burgos/informacion-empresas-de-Aguilar-De-Bureba/1
Burgos;Albillos;http://www.axesor.es/directorio-informacion-empresas/empresas-de-Burgos/informacion-empresas-de-Albillos/1
Burgos;Alcocero De Mola;http://www.axesor.es/directorio-informacion-empresas/empresas-de-Burgos/informacion-empresas-de-Alcocero-De-Mola/1
Burgos;Alfoz De Bricia;http://www.axesor.es/directorio-informacion-empresas/empresas-de-Burgos/informacion-empresas-de-Alfoz-De-Bricia/1
Burgos;Alfoz De Quintanadueñas;http://www.axesor.es/directorio-informacion-empresas/empresas-de-Burgos/informacion-empresas-de-Alfoz-De-Quintanaduenas/1
Burgos;Alfoz De Santa Gadea;http://www.axesor.es/directorio-informacion-empresas/empresas-de-Burgos/informacion-empresas-de-Alfoz-De-Santa-Gadea/1
Burgos;Altable;http://www.axesor.es/directorio-informacion-empresas/empresas-de-Burgos/informacion-empresas-de-Altable/1
Burgos;Altos (los);http://www.axesor.es/directorio-informacion-empresas/empresas-de-Burgos/informacion-empresas-de-Altos-Los-/1
Burgos;Ameyugo;http://www.axesor.es/directorio-informacion-empresas/empresas-de-Burgos/informacion-empresas-de-Ameyugo/1
Burgos;Anguix;http://www.axesor.es/directorio-informacion-empresas/empresas-de-Burgos/informacion-empresas-de-Anguix/1
Burgos;Aranda De Duero;http://www.axesor.es/directorio-informacion-empresas/empresas-de-Burgos/informacion-empresas-de-Aranda-De-Duero/1
Burgos;Arandilla;http://www.axesor.es/directorio-informacion-empresas/empresas-de-Burgos/informacion-empresas-de-Arandilla/1
Burgos;Arauzo De Miel;http://www.axesor.es/directorio-informacion-empresas/empresas-de-Burgos/informacion-empresas-de-Arauzo-De-Miel/1
Burgos;Arauzo De Salce;http://www.axesor.es/directorio-informacion-empresas/empresas-de-Burgos/informacion-empresas-de-Arauzo-De-Salce/1
Burgos;Arauzo De Torre;http://www.axesor.es/directorio-informacion-empresas/empresas-de-Burgos/informacion-empresas-de-Arauzo-De-Torre/1
Burgos;Arcos;http://www.axesor.es/directorio-informacion-empresas/empresas-de-Burgos/informacion-empresas-de-Arcos/1
Burgos;Arenillas De Riopisuerga;http://www.axesor.es/directorio-informacion-empresas/empresas-de-Burgos/informacion-empresas-de-Arenillas-De-Riopisuerga/1
Burgos;Arija;http://www.axesor.es/directorio-informacion-empresas/empresas-de-Burgos/informacion-empresas-de-Arija/1
Burgos;Arlanzon;http://www.axesor.es/directorio-informacion-empresas/empresas-de-Burgos/informacion-empresas-de-Arlanzon/1
Burgos;Arraya De Oca;http://www.axesor.es/directorio-informacion-empresas/empresas-de-Burgos/informacion-empresas-de-Arraya-De-Oca/1
Burgos;Atapuerca;http://www.axesor.es/directorio-informacion-empresas/empresas-de-Burgos/informacion-empresas-de-Atapuerca/1
Burgos;Ausines (los);http://www.axesor.es/directorio-informacion-empresas/empresas-de-Burgos/informacion-empresas-de-Ausines-Los-/1
Burgos;Avellanosa De Muño;http://www.axesor.es/directorio-informacion-empresas/empresas-de-Burgos/informacion-empresas-de-Avellanosa-De-Muno/1
Burgos;Bahabon De Esgueva;http://www.axesor.es/directorio-informacion-empresas/empresas-de-Burgos/informacion-empresas-de-Bahabon-De-Esgueva/1
Burgos;Balbases (los);http://www.axesor.es/directorio-informacion-empresas/empresas-de-Burgos/informacion-empresas-de-Balbases-Los-/1
Burgos;Barbadillo De Herreros;http://www.axesor.es/directorio-informacion-empresas/empresas-de-Burgos/informacion-empresas-de-Barbadillo-De-Herreros/1
Burgos;Barbadillo Del Mercado;http://www.axesor.es/directorio-informacion-empresas/empresas-de-Burgos/informacion-empresas-de-Barbadillo-Del-Mercado/1
Burgos;Barbadillo Del Pez;http://www.axesor.es/directorio-informacion-empresas/empresas-de-Burgos/informacion-empresas-de-Barbadillo-Del-Pez/1
Burgos;Barrio De Muño;http://www.axesor.es/directorio-informacion-empresas/empresas-de-Burgos/informacion-empresas-de-Barrio-De-Muno/1
Burgos;Barrios De Bureba (los);http://www.axesor.es/directorio-informacion-empresas/empresas-de-Burgos/informacion-empresas-de-Barrios-De-Bureba-Los-/1
Burgos;Barrios De Colina;http://www.axesor.es/directorio-informacion-empresas/empresas-de-Burgos/informacion-empresas-de-Barrios-De-Colina/1
Burgos;Basconcillos Del Tozo;http://www.axesor.es/directorio-informacion-empresas/empresas-de-Burgos/informacion-empresas-de-Basconcillos-Del-Tozo/1
Burgos;Bascuñana;http://www.axesor.es/directorio-informacion-empresas/empresas-de-Burgos/informacion-empresas-de-Bascunana/1
Burgos;Baños De Valdearados;http://www.axesor.es/directorio-informacion-empresas/empresas-de-Burgos/informacion-empresas-de-Banos-De-Valdearados/1
Burgos;Bañuelos De Bureba;http://www.axesor.es/directorio-informacion-empresas/empresas-de-Burgos/informacion-empresas-de-Banuelos-De-Bureba/1
Burgos;Belbimbre;http://www.axesor.es/directorio-informacion-empresas/empresas-de-Burgos/informacion-empresas-de-Belbimbre/1
Burgos;Belorado;http://www.axesor.es/directorio-informacion-empresas/empresas-de-Burgos/informacion-empresas-de-Belorado/1
Burgos;Berberana;http://www.axesor.es/directorio-informacion-empresas/empresas-de-Burgos/informacion-empresas-de-Berberana/1
Burgos;Berlangas De Roa;http://www.axesor.es/directorio-informacion-empresas/empresas-de-Burgos/informacion-empresas-de-Berlangas-De-Roa/1
Burgos;Berzosa De Bureba;http://www.axesor.es/directorio-informacion-empresas/empresas-de-Burgos/informacion-empresas-de-Berzosa-De-Bureba/1
Burgos;Bozoo;http://www.axesor.es/directorio-informacion-empresas/empresas-de-Burgos/informacion-empresas-de-Bozoo/1
Burgos;Brazacorta;http://www.axesor.es/directorio-informacion-empresas/empresas-de-Burgos/informacion-empresas-de-Brazacorta/1
Burgos;Briviesca;http://www.axesor.es/directorio-informacion-empresas/empresas-de-Burgos/informacion-empresas-de-Briviesca/1
Burgos;Bugedo;http://www.axesor.es/directorio-informacion-empresas/empresas-de-Burgos/informacion-empresas-de-Bugedo/1
Burgos;Buniel;http://www.axesor.es/directorio-informacion-empresas/empresas-de-Burgos/informacion-empresas-de-Buniel/1
Burgos;Burgos;http://www.axesor.es/directorio-informacion-empresas/empresas-de-Burgos/informacion-empresas-de-Burgos/1
Burgos;Busto De Bureba;http://www.axesor.es/directorio-informacion-empresas/empresas-de-Burgos/informacion-empresas-de-Busto-De-Bureba/1
Burgos;Cabañes De Esgueva;http://www.axesor.es/directorio-informacion-empresas/empresas-de-Burgos/informacion-empresas-de-Cabanes-De-Esgueva/1
Burgos;Cabezon De La Sierra;http://www.axesor.es/directorio-informacion-empresas/empresas-de-Burgos/informacion-empresas-de-Cabezon-De-La-Sierra/1
Burgos;Cabia;http://www.axesor.es/directorio-informacion-empresas/empresas-de-Burgos/informacion-empresas-de-Cabia/1
Burgos;Caleruega;http://www.axesor.es/directorio-informacion-empresas/empresas-de-Burgos/informacion-empresas-de-Caleruega/1
Burgos;Campillo De Aranda;http://www.axesor.es/directorio-informacion-empresas/empresas-de-Burgos/informacion-empresas-de-Campillo-De-Aranda/1
Burgos;Campolara;http://www.axesor.es/directorio-informacion-empresas/empresas-de-Burgos/informacion-empresas-de-Campolara/1
Burgos;Canicosa De La Sierra;http://www.axesor.es/directorio-informacion-empresas/empresas-de-Burgos/informacion-empresas-de-Canicosa-De-La-Sierra/1
Burgos;Cantabrana;http://www.axesor.es/directorio-informacion-empresas/empresas-de-Burgos/informacion-empresas-de-Cantabrana/1
Burgos;Carazo;http://www.axesor.es/directorio-informacion-empresas/empresas-de-Burgos/informacion-empresas-de-Carazo/1
Burgos;Carcedo De Bureba;http://www.axesor.es/directorio-informacion-empresas/empresas-de-Burgos/informacion-empresas-de-Carcedo-De-Bureba/1
Burgos;Carcedo De Burgos;http://www.axesor.es/directorio-informacion-empresas/empresas-de-Burgos/informacion-empresas-de-Carcedo-De-Burgos/1
Burgos;Cardeñadijo;http://www.axesor.es/directorio-informacion-empresas/empresas-de-Burgos/informacion-empresas-de-Cardenadijo/1
Burgos;Cardeñajimeno;http://www.axesor.es/directorio-informacion-empresas/empresas-de-Burgos/informacion-empresas-de-Cardenajimeno/1
Burgos;Cardeñuela Riopico;http://www.axesor.es/directorio-informacion-empresas/empresas-de-Burgos/informacion-empresas-de-Cardenuela-Riopico/1
Burgos;Carrias;http://www.axesor.es/directorio-informacion-empresas/empresas-de-Burgos/informacion-empresas-de-Carrias/1
Burgos;Cascajares De Bureba;http://www.axesor.es/directorio-informacion-empresas/empresas-de-Burgos/informacion-empresas-de-Cascajares-De-Bureba/1
Burgos;Cascajares De La Sierra;http://www.axesor.es/directorio-informacion-empresas/empresas-de-Burgos/informacion-empresas-de-Cascajares-De-La-Sierra/1
Burgos;Castellanos De Castro;http://www.axesor.es/directorio-informacion-empresas/empresas-de-Burgos/informacion-empresas-de-Castellanos-De-Castro/1
Burgos;Castil De Peones;http://www.axesor.es/directorio-informacion-empresas/empresas-de-Burgos/informacion-empresas-de-Castil-De-Peones/1
Burgos;Castildelgado;http://www.axesor.es/directorio-informacion-empresas/empresas-de-Burgos/informacion-empresas-de-Castildelgado/1
Burgos;Castrillo De La Reina;http://www.axesor.es/directorio-informacion-empresas/empresas-de-Burgos/informacion-empresas-de-Castrillo-De-La-Reina/1
Burgos;Castrillo De La Vega;http://www.axesor.es/directorio-informacion-empresas/empresas-de-Burgos/informacion-empresas-de-Castrillo-De-La-Vega/1
Burgos;Castrillo De Riopisuerga;http://www.axesor.es/directorio-informacion-empresas/empresas-de-Burgos/informacion-empresas-de-Castrillo-De-Riopisuerga/1
Burgos;Castrillo Del Val;http://www.axesor.es/directorio-informacion-empresas/empresas-de-Burgos/informacion-empresas-de-Castrillo-Del-Val/1
Burgos;Castrillo Matajudios;http://www.axesor.es/directorio-informacion-empresas/empresas-de-Burgos/informacion-empresas-de-Castrillo-Matajudios/1
Burgos;Castrojeriz;http://www.axesor.es/directorio-informacion-empresas/empresas-de-Burgos/informacion-empresas-de-Castrojeriz/1
Burgos;Cayuela;http://www.axesor.es/directorio-informacion-empresas/empresas-de-Burgos/informacion-empresas-de-Cayuela/1
Burgos;Cebrecos;http://www.axesor.es/directorio-informacion-empresas/empresas-de-Burgos/informacion-empresas-de-Cebrecos/1
Burgos;Celada Del Camino;http://www.axesor.es/directorio-informacion-empresas/empresas-de-Burgos/informacion-empresas-de-Celada-Del-Camino/1
Burgos;Cerezo De Rio Tiron;http://www.axesor.es/directorio-informacion-empresas/empresas-de-Burgos/informacion-empresas-de-Cerezo-De-Rio-Tiron/1
Burgos;Cerraton De Juarros;http://www.axesor.es/directorio-informacion-empresas/empresas-de-Burgos/informacion-empresas-de-Cerraton-De-Juarros/1
Burgos;Ciadoncha;http://www.axesor.es/directorio-informacion-empresas/empresas-de-Burgos/informacion-empresas-de-Ciadoncha/1
Burgos;Cillaperlata;http://www.axesor.es/directorio-informacion-empresas/empresas-de-Burgos/informacion-empresas-de-Cillaperlata/1
Burgos;Cilleruelo De Abajo;http://www.axesor.es/directorio-informacion-empresas/empresas-de-Burgos/informacion-empresas-de-Cilleruelo-De-Abajo/1
Burgos;Cilleruelo De Arriba;http://www.axesor.es/directorio-informacion-empresas/empresas-de-Burgos/informacion-empresas-de-Cilleruelo-De-Arriba/1
Burgos;Ciruelos De Cervera;http://www.axesor.es/directorio-informacion-empresas/empresas-de-Burgos/informacion-empresas-de-Ciruelos-De-Cervera/1
Burgos;Cogollos;http://www.axesor.es/directorio-informacion-empresas/empresas-de-Burgos/informacion-empresas-de-Cogollos/1
Burgos;Condado De Treviño;http://www.axesor.es/directorio-informacion-empresas/empresas-de-Burgos/informacion-empresas-de-Condado-De-Trevino/1
Burgos;Contreras;http://www.axesor.es/directorio-informacion-empresas/empresas-de-Burgos/informacion-empresas-de-Contreras/1
Burgos;Coruña Del Conde;http://www.axesor.es/directorio-informacion-empresas/empresas-de-Burgos/informacion-empresas-de-Coruna-Del-Conde/1
Burgos;Covarrubias;http://www.axesor.es/directorio-informacion-empresas/empresas-de-Burgos/informacion-empresas-de-Covarrubias/1
Burgos;Cubillo Del Campo;http://www.axesor.es/directorio-informacion-empresas/empresas-de-Burgos/informacion-empresas-de-Cubillo-Del-Campo/1
Burgos;Cubo De Bureba;http://www.axesor.es/directorio-informacion-empresas/empresas-de-Burgos/informacion-empresas-de-Cubo-De-Bureba/1
Burgos;Cueva De Roa (la);http://www.axesor.es/directorio-informacion-empresas/empresas-de-Burgos/informacion-empresas-de-Cueva-De-Roa-La-/1
Burgos;Cuevas De San Clemente;http://www.axesor.es/directorio-informacion-empresas/empresas-de-Burgos/informacion-empresas-de-Cuevas-De-San-Clemente/1
Burgos;Encio;http://www.axesor.es/directorio-informacion-empresas/empresas-de-Burgos/informacion-empresas-de-Encio/1
Burgos;Espinosa De Cervera;http://www.axesor.es/directorio-informacion-empresas/empresas-de-Burgos/informacion-empresas-de-Espinosa-De-Cervera/1
Burgos;Espinosa De Los Monteros;http://www.axesor.es/directorio-informacion-empresas/empresas-de-Burgos/informacion-empresas-de-Espinosa-De-Los-Monteros/1
Burgos;Espinosa Del Camino;http://www.axesor.es/directorio-informacion-empresas/empresas-de-Burgos/informacion-empresas-de-Espinosa-Del-Camino/1
Burgos;Estepar;http://www.axesor.es/directorio-informacion-empresas/empresas-de-Burgos/informacion-empresas-de-Estepar/1
Burgos;Fontioso;http://www.axesor.es/directorio-informacion-empresas/empresas-de-Burgos/informacion-empresas-de-Fontioso/1
Burgos;Frandovinez;http://www.axesor.es/directorio-informacion-empresas/empresas-de-Burgos/informacion-empresas-de-Frandovinez/1
Burgos;Fresneda De La Sierra Tiron;http://www.axesor.es/directorio-informacion-empresas/empresas-de-Burgos/informacion-empresas-de-Fresneda-De-La-Sierra-Tiron/1
Burgos;Fresneña;http://www.axesor.es/directorio-informacion-empresas/empresas-de-Burgos/informacion-empresas-de-Fresnena/1
Burgos;Fresnillo De Las Dueñas;http://www.axesor.es/directorio-informacion-empresas/empresas-de-Burgos/informacion-empresas-de-Fresnillo-De-Las-Duenas/1
Burgos;Fresno De Rio Tiron;http://www.axesor.es/directorio-informacion-empresas/empresas-de-Burgos/informacion-empresas-de-Fresno-De-Rio-Tiron/1
Burgos;Fresno De Rodilla;http://www.axesor.es/directorio-informacion-empresas/empresas-de-Burgos/informacion-empresas-de-Fresno-De-Rodilla/1
Burgos;Frias;http://www.axesor.es/directorio-informacion-empresas/empresas-de-Burgos/informacion-empresas-de-Frias/1
Burgos;Fuentebureba;http://www.axesor.es/directorio-informacion-empresas/empresas-de-Burgos/informacion-empresas-de-Fuentebureba/1
Burgos;Fuentecen;http://www.axesor.es/directorio-informacion-empresas/empresas-de-Burgos/informacion-empresas-de-Fuentecen/1
Burgos;Fuentelcesped;http://www.axesor.es/directorio-informacion-empresas/empresas-de-Burgos/informacion-empresas-de-Fuentelcesped/1
Burgos;Fuentelisendo;http://www.axesor.es/directorio-informacion-empresas/empresas-de-Burgos/informacion-empresas-de-Fuentelisendo/1
Burgos;Fuentemolinos;http://www.axesor.es/directorio-informacion-empresas/empresas-de-Burgos/informacion-empresas-de-Fuentemolinos/1
Burgos;Fuentenebro;http://www.axesor.es/directorio-informacion-empresas/empresas-de-Burgos/informacion-empresas-de-Fuentenebro/1
Burgos;Fuentespina;http://www.axesor.es/directorio-informacion-empresas/empresas-de-Burgos/informacion-empresas-de-Fuentespina/1
Burgos;Galbarros;http://www.axesor.es/directorio-informacion-empresas/empresas-de-Burgos/informacion-empresas-de-Galbarros/1
Burgos;Gallega (la);http://www.axesor.es/directorio-informacion-empresas/empresas-de-Burgos/informacion-empresas-de-Gallega-La-/1
Burgos;Grijalba;http://www.axesor.es/directorio-informacion-empresas/empresas-de-Burgos/informacion-empresas-de-Grijalba/1
Burgos;Grisaleña;http://www.axesor.es/directorio-informacion-empresas/empresas-de-Burgos/informacion-empresas-de-Grisalena/1
Burgos;Gumiel De Izan;http://www.axesor.es/directorio-informacion-empresas/empresas-de-Burgos/informacion-empresas-de-Gumiel-De-Izan/1
Burgos;Gumiel De Mercado;http://www.axesor.es/directorio-informacion-empresas/empresas-de-Burgos/informacion-empresas-de-Gumiel-De-Mercado/1
Burgos;Hacinas;http://www.axesor.es/directorio-informacion-empresas/empresas-de-Burgos/informacion-empresas-de-Hacinas/1
Burgos;Haza;http://www.axesor.es/directorio-informacion-empresas/empresas-de-Burgos/informacion-empresas-de-Haza/1
Burgos;Hontanas;http://www.axesor.es/directorio-informacion-empresas/empresas-de-Burgos/informacion-empresas-de-Hontanas/1
Burgos;Hontangas;http://www.axesor.es/directorio-informacion-empresas/empresas-de-Burgos/informacion-empresas-de-Hontangas/1
Burgos;Hontoria De La Cantera;http://www.axesor.es/directorio-informacion-empresas/empresas-de-Burgos/informacion-empresas-de-Hontoria-De-La-Cantera/1
Burgos;Hontoria De Valdearados;http://www.axesor.es/directorio-informacion-empresas/empresas-de-Burgos/informacion-empresas-de-Hontoria-De-Valdearados/1
Burgos;Hontoria Del Pinar;http://www.axesor.es/directorio-informacion-empresas/empresas-de-Burgos/informacion-empresas-de-Hontoria-Del-Pinar/1
Burgos;Hormazas (las);http://www.axesor.es/directorio-informacion-empresas/empresas-de-Burgos/informacion-empresas-de-Hormazas-Las-/1
Burgos;Hornillos Del Camino;http://www.axesor.es/directorio-informacion-empresas/empresas-de-Burgos/informacion-empresas-de-Hornillos-Del-Camino/1
Burgos;Horra (la);http://www.axesor.es/directorio-informacion-empresas/empresas-de-Burgos/informacion-empresas-de-Horra-La-/1
Burgos;Hortiguela;http://www.axesor.es/directorio-informacion-empresas/empresas-de-Burgos/informacion-empresas-de-Hortiguela/1
Burgos;Hoyales De Roa;http://www.axesor.es/directorio-informacion-empresas/empresas-de-Burgos/informacion-empresas-de-Hoyales-De-Roa/1
Burgos;Huermeces;http://www.axesor.es/directorio-informacion-empresas/empresas-de-Burgos/informacion-empresas-de-Huermeces/1
Burgos;Huerta De Arriba;http://www.axesor.es/directorio-informacion-empresas/empresas-de-Burgos/informacion-empresas-de-Huerta-De-Arriba/1
Burgos;Huerta De Rey;http://www.axesor.es/directorio-informacion-empresas/empresas-de-Burgos/informacion-empresas-de-Huerta-De-Rey/1
Burgos;Humada;http://www.axesor.es/directorio-informacion-empresas/empresas-de-Burgos/informacion-empresas-de-Humada/1
Burgos;Hurones;http://www.axesor.es/directorio-informacion-empresas/empresas-de-Burgos/informacion-empresas-de-Hurones/1
Burgos;Ibeas De Juarros;http://www.axesor.es/directorio-informacion-empresas/empresas-de-Burgos/informacion-empresas-de-Ibeas-De-Juarros/1
Burgos;Ibrillos;http://www.axesor.es/directorio-informacion-empresas/empresas-de-Burgos/informacion-empresas-de-Ibrillos/1
Burgos;Iglesiarrubia;http://www.axesor.es/directorio-informacion-empresas/empresas-de-Burgos/informacion-empresas-de-Iglesiarrubia/1
Burgos;Iglesias;http://www.axesor.es/directorio-informacion-empresas/empresas-de-Burgos/informacion-empresas-de-Iglesias/1
Burgos;Isar;http://www.axesor.es/directorio-informacion-empresas/empresas-de-Burgos/informacion-empresas-de-Isar/1
Burgos;Itero Del Castillo;http://www.axesor.es/directorio-informacion-empresas/empresas-de-Burgos/informacion-empresas-de-Itero-Del-Castillo/1
Burgos;Jaramillo De La Fuente;http://www.axesor.es/directorio-informacion-empresas/empresas-de-Burgos/informacion-empresas-de-Jaramillo-De-La-Fuente/1
Burgos;Jaramillo Quemado;http://www.axesor.es/directorio-informacion-empresas/empresas-de-Burgos/informacion-empresas-de-Jaramillo-Quemado/1
Burgos;Junta De Traslaloma;http://www.axesor.es/directorio-informacion-empresas/empresas-de-Burgos/informacion-empresas-de-Junta-De-Traslaloma/1
Burgos;Junta De Villalba De Losa;http://www.axesor.es/directorio-informacion-empresas/empresas-de-Burgos/informacion-empresas-de-Junta-De-Villalba-De-Losa/1
Burgos;Jurisdiccion De Lara;http://www.axesor.es/directorio-informacion-empresas/empresas-de-Burgos/informacion-empresas-de-Jurisdiccion-De-Lara/1
Burgos;Jurisdiccion De San Zadornil;http://www.axesor.es/directorio-informacion-empresas/empresas-de-Burgos/informacion-empresas-de-Jurisdiccion-De-San-Zadornil/1
Burgos;Lerma;http://www.axesor.es/directorio-informacion-empresas/empresas-de-Burgos/informacion-empresas-de-Lerma/1
Burgos;Llano De Bureba;http://www.axesor.es/directorio-informacion-empresas/empresas-de-Burgos/informacion-empresas-de-Llano-De-Bureba/1
Burgos;Madrigal Del Monte;http://www.axesor.es/directorio-informacion-empresas/empresas-de-Burgos/informacion-empresas-de-Madrigal-Del-Monte/1
Burgos;Madrigalejo Del Monte;http://www.axesor.es/directorio-informacion-empresas/empresas-de-Burgos/informacion-empresas-de-Madrigalejo-Del-Monte/1
Burgos;Mahamud;http://www.axesor.es/directorio-informacion-empresas/empresas-de-Burgos/informacion-empresas-de-Mahamud/1
Burgos;Mambrilla De Castrejon;http://www.axesor.es/directorio-informacion-empresas/empresas-de-Burgos/informacion-empresas-de-Mambrilla-De-Castrejon/1
Burgos;Mambrillas De Lara;http://www.axesor.es/directorio-informacion-empresas/empresas-de-Burgos/informacion-empresas-de-Mambrillas-De-Lara/1
Burgos;Mamolar;http://www.axesor.es/directorio-informacion-empresas/empresas-de-Burgos/informacion-empresas-de-Mamolar/1
Burgos;Manciles;http://www.axesor.es/directorio-informacion-empresas/empresas-de-Burgos/informacion-empresas-de-Manciles/1
Burgos;Mazuela;http://www.axesor.es/directorio-informacion-empresas/empresas-de-Burgos/informacion-empresas-de-Mazuela/1
Burgos;Mecerreyes;http://www.axesor.es/directorio-informacion-empresas/empresas-de-Burgos/informacion-empresas-de-Mecerreyes/1
Burgos;Medina De Pomar;http://www.axesor.es/directorio-informacion-empresas/empresas-de-Burgos/informacion-empresas-de-Medina-De-Pomar/1
Burgos;Melgar De Fernamental;http://www.axesor.es/directorio-informacion-empresas/empresas-de-Burgos/informacion-empresas-de-Melgar-De-Fernamental/1
Burgos;Merindad De Cuesta-urria;http://www.axesor.es/directorio-informacion-empresas/empresas-de-Burgos/informacion-empresas-de-Merindad-De-Cuesta-Urria/1
Burgos;Merindad De Montija;http://www.axesor.es/directorio-informacion-empresas/empresas-de-Burgos/informacion-empresas-de-Merindad-De-Montija/1
Burgos;Merindad De Rio Ubierna;http://www.axesor.es/directorio-informacion-empresas/empresas-de-Burgos/informacion-empresas-de-Merindad-De-Rio-Ubierna/1
Burgos;Merindad De Sotoscueva;http://www.axesor.es/directorio-informacion-empresas/empresas-de-Burgos/informacion-empresas-de-Merindad-De-Sotoscueva/1
Burgos;Merindad De Valdeporres;http://www.axesor.es/directorio-informacion-empresas/empresas-de-Burgos/informacion-empresas-de-Merindad-De-Valdeporres/1
Burgos;Merindad De Valdivielso;http://www.axesor.es/directorio-informacion-empresas/empresas-de-Burgos/informacion-empresas-de-Merindad-De-Valdivielso/1
Burgos;Milagros;http://www.axesor.es/directorio-informacion-empresas/empresas-de-Burgos/informacion-empresas-de-Milagros/1
Burgos;Miranda De Ebro;http://www.axesor.es/directorio-informacion-empresas/empresas-de-Burgos/informacion-empresas-de-Miranda-De-Ebro/1
Burgos;Miraveche;http://www.axesor.es/directorio-informacion-empresas/empresas-de-Burgos/informacion-empresas-de-Miraveche/1
Burgos;Modubar De La Emparedada;http://www.axesor.es/directorio-informacion-empresas/empresas-de-Burgos/informacion-empresas-de-Modubar-De-La-Emparedada/1
Burgos;Monasterio De La Sierra;http://www.axesor.es/directorio-informacion-empresas/empresas-de-Burgos/informacion-empresas-de-Monasterio-De-La-Sierra/1
Burgos;Monasterio De Rodilla;http://www.axesor.es/directorio-informacion-empresas/empresas-de-Burgos/informacion-empresas-de-Monasterio-De-Rodilla/1
Burgos;Moncalvillo;http://www.axesor.es/directorio-informacion-empresas/empresas-de-Burgos/informacion-empresas-de-Moncalvillo/1
Burgos;Monterrubio De La Demanda;http://www.axesor.es/directorio-informacion-empresas/empresas-de-Burgos/informacion-empresas-de-Monterrubio-De-La-Demanda/1
Burgos;Montorio;http://www.axesor.es/directorio-informacion-empresas/empresas-de-Burgos/informacion-empresas-de-Montorio/1
Burgos;Moradillo De Roa;http://www.axesor.es/directorio-informacion-empresas/empresas-de-Burgos/informacion-empresas-de-Moradillo-De-Roa/1
Burgos;Nava De Roa;http://www.axesor.es/directorio-informacion-empresas/empresas-de-Burgos/informacion-empresas-de-Nava-De-Roa/1
Burgos;Navas De Bureba;http://www.axesor.es/directorio-informacion-empresas/empresas-de-Burgos/informacion-empresas-de-Navas-De-Bureba/1
Burgos;Nebreda;http://www.axesor.es/directorio-informacion-empresas/empresas-de-Burgos/informacion-empresas-de-Nebreda/1
Burgos;Neila;http://www.axesor.es/directorio-informacion-empresas/empresas-de-Burgos/informacion-empresas-de-Neila/1
Burgos;Olmedillo De Roa;http://www.axesor.es/directorio-informacion-empresas/empresas-de-Burgos/informacion-empresas-de-Olmedillo-De-Roa/1
Burgos;Olmillos De Muño;http://www.axesor.es/directorio-informacion-empresas/empresas-de-Burgos/informacion-empresas-de-Olmillos-De-Muno/1
Burgos;Oquillas;http://www.axesor.es/directorio-informacion-empresas/empresas-de-Burgos/informacion-empresas-de-Oquillas/1
Burgos;Orbaneja Riopico;http://www.axesor.es/directorio-informacion-empresas/empresas-de-Burgos/informacion-empresas-de-Orbaneja-Riopico/1
Burgos;Oña;http://www.axesor.es/directorio-informacion-empresas/empresas-de-Burgos/informacion-empresas-de-Ona/1
Burgos;Padilla De Abajo;http://www.axesor.es/directorio-informacion-empresas/empresas-de-Burgos/informacion-empresas-de-Padilla-De-Abajo/1
Burgos;Padilla De Arriba;http://www.axesor.es/directorio-informacion-empresas/empresas-de-Burgos/informacion-empresas-de-Padilla-De-Arriba/1
Burgos;Padrones De Bureba;http://www.axesor.es/directorio-informacion-empresas/empresas-de-Burgos/informacion-empresas-de-Padrones-De-Bureba/1
Burgos;Palacios De La Sierra;http://www.axesor.es/directorio-informacion-empresas/empresas-de-Burgos/informacion-empresas-de-Palacios-De-La-Sierra/1
Burgos;Palacios De Riopisuerga;http://www.axesor.es/directorio-informacion-empresas/empresas-de-Burgos/informacion-empresas-de-Palacios-De-Riopisuerga/1
Burgos;Palazuelos De La Sierra;http://www.axesor.es/directorio-informacion-empresas/empresas-de-Burgos/informacion-empresas-de-Palazuelos-De-La-Sierra/1
Burgos;Palazuelos De Muño;http://www.axesor.es/directorio-informacion-empresas/empresas-de-Burgos/informacion-empresas-de-Palazuelos-De-Muno/1
Burgos;Pampliega;http://www.axesor.es/directorio-informacion-empresas/empresas-de-Burgos/informacion-empresas-de-Pampliega/1
Burgos;Pancorbo;http://www.axesor.es/directorio-informacion-empresas/empresas-de-Burgos/informacion-empresas-de-Pancorbo/1
Burgos;Pardilla;http://www.axesor.es/directorio-informacion-empresas/empresas-de-Burgos/informacion-empresas-de-Pardilla/1
Burgos;Partido De La Sierra En Tobalina;http://www.axesor.es/directorio-informacion-empresas/empresas-de-Burgos/informacion-empresas-de-Partido-De-La-Sierra-En-Tobalina/1
Burgos;Pedrosa De Duero;http://www.axesor.es/directorio-informacion-empresas/empresas-de-Burgos/informacion-empresas-de-Pedrosa-De-Duero/1
Burgos;Pedrosa De Rio Urbel;http://www.axesor.es/directorio-informacion-empresas/empresas-de-Burgos/informacion-empresas-de-Pedrosa-De-Rio-Urbel/1
Burgos;Pedrosa Del Paramo;http://www.axesor.es/directorio-informacion-empresas/empresas-de-Burgos/informacion-empresas-de-Pedrosa-Del-Paramo/1
Burgos;Pedrosa Del Principe;http://www.axesor.es/directorio-informacion-empresas/empresas-de-Burgos/informacion-empresas-de-Pedrosa-Del-Principe/1
Burgos;Peral De Arlanza;http://www.axesor.es/directorio-informacion-empresas/empresas-de-Burgos/informacion-empresas-de-Peral-De-Arlanza/1
Burgos;Peñaranda De Duero;http://www.axesor.es/directorio-informacion-empresas/empresas-de-Burgos/informacion-empresas-de-Penaranda-De-Duero/1
Burgos;Piernigas;http://www.axesor.es/directorio-informacion-empresas/empresas-de-Burgos/informacion-empresas-de-Piernigas/1
Burgos;Pineda De La Sierra;http://www.axesor.es/directorio-informacion-empresas/empresas-de-Burgos/informacion-empresas-de-Pineda-De-La-Sierra/1
Burgos;Pineda Trasmonte;http://www.axesor.es/directorio-informacion-empresas/empresas-de-Burgos/informacion-empresas-de-Pineda-Trasmonte/1
Burgos;Pinilla De Los Barruecos;http://www.axesor.es/directorio-informacion-empresas/empresas-de-Burgos/informacion-empresas-de-Pinilla-De-Los-Barruecos/1
Burgos;Pinilla De Los Moros;http://www.axesor.es/directorio-informacion-empresas/empresas-de-Burgos/informacion-empresas-de-Pinilla-De-Los-Moros/1
Burgos;Pinilla Trasmonte;http://www.axesor.es/directorio-informacion-empresas/empresas-de-Burgos/informacion-empresas-de-Pinilla-Trasmonte/1
Burgos;Poza De La Sal;http://www.axesor.es/directorio-informacion-empresas/empresas-de-Burgos/informacion-empresas-de-Poza-De-La-Sal/1
Burgos;Pradanos De Bureba;http://www.axesor.es/directorio-informacion-empresas/empresas-de-Burgos/informacion-empresas-de-Pradanos-De-Bureba/1
Burgos;Pradoluengo;http://www.axesor.es/directorio-informacion-empresas/empresas-de-Burgos/informacion-empresas-de-Pradoluengo/1
Burgos;Presencio;http://www.axesor.es/directorio-informacion-empresas/empresas-de-Burgos/informacion-empresas-de-Presencio/1
Burgos;Puebla De Arganzon (la);http://www.axesor.es/directorio-informacion-empresas/empresas-de-Burgos/informacion-empresas-de-Puebla-De-Arganzon-La-/1
Burgos;Puentedura;http://www.axesor.es/directorio-informacion-empresas/empresas-de-Burgos/informacion-empresas-de-Puentedura/1
Burgos;Quemada;http://www.axesor.es/directorio-informacion-empresas/empresas-de-Burgos/informacion-empresas-de-Quemada/1
Burgos;Quintana Del Pidio;http://www.axesor.es/directorio-informacion-empresas/empresas-de-Burgos/informacion-empresas-de-Quintana-Del-Pidio/1
Burgos;Quintanabureba;http://www.axesor.es/directorio-informacion-empresas/empresas-de-Burgos/informacion-empresas-de-Quintanabureba/1
Burgos;Quintanaelez;http://www.axesor.es/directorio-informacion-empresas/empresas-de-Burgos/informacion-empresas-de-Quintanaelez/1
Burgos;Quintanaortuño;http://www.axesor.es/directorio-informacion-empresas/empresas-de-Burgos/informacion-empresas-de-Quintanaortuno/1
Burgos;Quintanapalla;http://www.axesor.es/directorio-informacion-empresas/empresas-de-Burgos/informacion-empresas-de-Quintanapalla/1
Burgos;Quintanar De La Sierra;http://www.axesor.es/directorio-informacion-empresas/empresas-de-Burgos/informacion-empresas-de-Quintanar-De-La-Sierra/1
Burgos;Quintanavides;http://www.axesor.es/directorio-informacion-empresas/empresas-de-Burgos/informacion-empresas-de-Quintanavides/1
Burgos;Quintanilla De La Mata;http://www.axesor.es/directorio-informacion-empresas/empresas-de-Burgos/informacion-empresas-de-Quintanilla-De-La-Mata/1
Burgos;Quintanilla Del Coco;http://www.axesor.es/directorio-informacion-empresas/empresas-de-Burgos/informacion-empresas-de-Quintanilla-Del-Coco/1
Burgos;Quintanilla San Garcia;http://www.axesor.es/directorio-informacion-empresas/empresas-de-Burgos/informacion-empresas-de-Quintanilla-San-Garcia/1
Burgos;Quintanilla Vivar;http://www.axesor.es/directorio-informacion-empresas/empresas-de-Burgos/informacion-empresas-de-Quintanilla-Vivar/1
Burgos;Quintanilla-tordueles;http://www.axesor.es/directorio-informacion-empresas/empresas-de-Burgos/informacion-empresas-de-Quintanilla-Tordueles/1
Burgos;Quintanillas (las);http://www.axesor.es/directorio-informacion-empresas/empresas-de-Burgos/informacion-empresas-de-Quintanillas-Las-/1
Burgos;Rabanera Del Pinar;http://www.axesor.es/directorio-informacion-empresas/empresas-de-Burgos/informacion-empresas-de-Rabanera-Del-Pinar/1
Burgos;Rabanos;http://www.axesor.es/directorio-informacion-empresas/empresas-de-Burgos/informacion-empresas-de-Rabanos/1
Burgos;Rabe De Las Calzadas;http://www.axesor.es/directorio-informacion-empresas/empresas-de-Burgos/informacion-empresas-de-Rabe-De-Las-Calzadas/1
Burgos;Rebolledo De La Torre;http://www.axesor.es/directorio-informacion-empresas/empresas-de-Burgos/informacion-empresas-de-Rebolledo-De-La-Torre/1
Burgos;Redecilla Del Camino;http://www.axesor.es/directorio-informacion-empresas/empresas-de-Burgos/informacion-empresas-de-Redecilla-Del-Camino/1
Burgos;Redecilla Del Campo;http://www.axesor.es/directorio-informacion-empresas/empresas-de-Burgos/informacion-empresas-de-Redecilla-Del-Campo/1
Burgos;Regumiel De La Sierra;http://www.axesor.es/directorio-informacion-empresas/empresas-de-Burgos/informacion-empresas-de-Regumiel-De-La-Sierra/1
Burgos;Reinoso;http://www.axesor.es/directorio-informacion-empresas/empresas-de-Burgos/informacion-empresas-de-Reinoso/1
Burgos;Retuerta;http://www.axesor.es/directorio-informacion-empresas/empresas-de-Burgos/informacion-empresas-de-Retuerta/1
Burgos;Revilla Del Campo;http://www.axesor.es/directorio-informacion-empresas/empresas-de-Burgos/informacion-empresas-de-Revilla-Del-Campo/1
Burgos;Revilla Vallejera;http://www.axesor.es/directorio-informacion-empresas/empresas-de-Burgos/informacion-empresas-de-Revilla-Vallejera/1
Burgos;Revilla Y Ahedo (la);http://www.axesor.es/directorio-informacion-empresas/empresas-de-Burgos/informacion-empresas-de-Revilla-Y-Ahedo-La-/1
Burgos;Revillarruz;http://www.axesor.es/directorio-informacion-empresas/empresas-de-Burgos/informacion-empresas-de-Revillarruz/1
Burgos;Rezmondo;http://www.axesor.es/directorio-informacion-empresas/empresas-de-Burgos/informacion-empresas-de-Rezmondo/1
Burgos;Riocavado De La Sierra;http://www.axesor.es/directorio-informacion-empresas/empresas-de-Burgos/informacion-empresas-de-Riocavado-De-La-Sierra/1
Burgos;Roa;http://www.axesor.es/directorio-informacion-empresas/empresas-de-Burgos/informacion-empresas-de-Roa/1
Burgos;Rojas;http://www.axesor.es/directorio-informacion-empresas/empresas-de-Burgos/informacion-empresas-de-Rojas/1
Burgos;Royuela De Rio Franco;http://www.axesor.es/directorio-informacion-empresas/empresas-de-Burgos/informacion-empresas-de-Royuela-De-Rio-Franco/1
Burgos;Rubena;http://www.axesor.es/directorio-informacion-empresas/empresas-de-Burgos/informacion-empresas-de-Rubena/1
Burgos;Rublacedo De Abajo;http://www.axesor.es/directorio-informacion-empresas/empresas-de-Burgos/informacion-empresas-de-Rublacedo-De-Abajo/1
Burgos;Rucandio;http://www.axesor.es/directorio-informacion-empresas/empresas-de-Burgos/informacion-empresas-de-Rucandio/1
Burgos;Salas De Bureba;http://www.axesor.es/directorio-informacion-empresas/empresas-de-Burgos/informacion-empresas-de-Salas-De-Bureba/1
Burgos;Salas De Los Infantes;http://www.axesor.es/directorio-informacion-empresas/empresas-de-Burgos/informacion-empresas-de-Salas-De-Los-Infantes/1
Burgos;Saldaña De Burgos;http://www.axesor.es/directorio-informacion-empresas/empresas-de-Burgos/informacion-empresas-de-Saldana-De-Burgos/1
Burgos;Salinillas De Bureba;http://www.axesor.es/directorio-informacion-empresas/empresas-de-Burgos/informacion-empresas-de-Salinillas-De-Bureba/1
Burgos;San Adrian De Juarros;http://www.axesor.es/directorio-informacion-empresas/empresas-de-Burgos/informacion-empresas-de-San-Adrian-De-Juarros/1
Burgos;San Juan Del Monte;http://www.axesor.es/directorio-informacion-empresas/empresas-de-Burgos/informacion-empresas-de-San-Juan-Del-Monte/1
Burgos;San Mames De Burgos;http://www.axesor.es/directorio-informacion-empresas/empresas-de-Burgos/informacion-empresas-de-San-Mames-De-Burgos/1
Burgos;San Martin De Rubiales;http://www.axesor.es/directorio-informacion-empresas/empresas-de-Burgos/informacion-empresas-de-San-Martin-De-Rubiales/1
Burgos;San Millan De Lara;http://www.axesor.es/directorio-informacion-empresas/empresas-de-Burgos/informacion-empresas-de-San-Millan-De-Lara/1
Burgos;San Vicente Del Valle;http://www.axesor.es/directorio-informacion-empresas/empresas-de-Burgos/informacion-empresas-de-San-Vicente-Del-Valle/1
Burgos;Santa Cecilia;http://www.axesor.es/directorio-informacion-empresas/empresas-de-Burgos/informacion-empresas-de-Santa-Cecilia/1
Burgos;Santa Cruz De La Salceda;http://www.axesor.es/directorio-informacion-empresas/empresas-de-Burgos/informacion-empresas-de-Santa-Cruz-De-La-Salceda/1
Burgos;Santa Cruz Del Valle Urbion;http://www.axesor.es/directorio-informacion-empresas/empresas-de-Burgos/informacion-empresas-de-Santa-Cruz-Del-Valle-Urbion/1
Burgos;Santa Gadea Del Cid;http://www.axesor.es/directorio-informacion-empresas/empresas-de-Burgos/informacion-empresas-de-Santa-Gadea-Del-Cid/1
Burgos;Santa Ines;http://www.axesor.es/directorio-informacion-empresas/empresas-de-Burgos/informacion-empresas-de-Santa-Ines/1
Burgos;Santa Maria Del Campo;http://www.axesor.es/directorio-informacion-empresas/empresas-de-Burgos/informacion-empresas-de-Santa-Maria-Del-Campo/1
Burgos;Santa Maria Del Invierno;http://www.axesor.es/directorio-informacion-empresas/empresas-de-Burgos/informacion-empresas-de-Santa-Maria-Del-Invierno/1
Burgos;Santa Maria Del Mercadillo;http://www.axesor.es/directorio-informacion-empresas/empresas-de-Burgos/informacion-empresas-de-Santa-Maria-Del-Mercadillo/1
Burgos;Santa Maria Rivarredonda;http://www.axesor.es/directorio-informacion-empresas/empresas-de-Burgos/informacion-empresas-de-Santa-Maria-Rivarredonda/1
Burgos;Santa Olalla De Bureba;http://www.axesor.es/directorio-informacion-empresas/empresas-de-Burgos/informacion-empresas-de-Santa-Olalla-De-Bureba/1
Burgos;Santibañez De Esgueva;http://www.axesor.es/directorio-informacion-empresas/empresas-de-Burgos/informacion-empresas-de-Santibanez-De-Esgueva/1
Burgos;Santibañez Del Val;http://www.axesor.es/directorio-informacion-empresas/empresas-de-Burgos/informacion-empresas-de-Santibanez-Del-Val/1
Burgos;Santo Domingo De Silos;http://www.axesor.es/directorio-informacion-empresas/empresas-de-Burgos/informacion-empresas-de-Santo-Domingo-De-Silos/1
Burgos;Sargentes De La Lora;http://www.axesor.es/directorio-informacion-empresas/empresas-de-Burgos/informacion-empresas-de-Sargentes-De-La-Lora/1
Burgos;Sarracin;http://www.axesor.es/directorio-informacion-empresas/empresas-de-Burgos/informacion-empresas-de-Sarracin/1
Burgos;Sasamon;http://www.axesor.es/directorio-informacion-empresas/empresas-de-Burgos/informacion-empresas-de-Sasamon/1
Burgos;Sequera De Haza (la);http://www.axesor.es/directorio-informacion-empresas/empresas-de-Burgos/informacion-empresas-de-Sequera-De-Haza-La-/1
Burgos;Solarana;http://www.axesor.es/directorio-informacion-empresas/empresas-de-Burgos/informacion-empresas-de-Solarana/1
Burgos;Sordillos;http://www.axesor.es/directorio-informacion-empresas/empresas-de-Burgos/informacion-empresas-de-Sordillos/1
Burgos;Sotillo De La Ribera;http://www.axesor.es/directorio-informacion-empresas/empresas-de-Burgos/informacion-empresas-de-Sotillo-De-La-Ribera/1
Burgos;Sotragero;http://www.axesor.es/directorio-informacion-empresas/empresas-de-Burgos/informacion-empresas-de-Sotragero/1
Burgos;Sotresgudo;http://www.axesor.es/directorio-informacion-empresas/empresas-de-Burgos/informacion-empresas-de-Sotresgudo/1
Burgos;Susinos Del Paramo;http://www.axesor.es/directorio-informacion-empresas/empresas-de-Burgos/informacion-empresas-de-Susinos-Del-Paramo/1
Burgos;Tamaron;http://www.axesor.es/directorio-informacion-empresas/empresas-de-Burgos/informacion-empresas-de-Tamaron/1
Burgos;Tardajos;http://www.axesor.es/directorio-informacion-empresas/empresas-de-Burgos/informacion-empresas-de-Tardajos/1
Burgos;Tejada;http://www.axesor.es/directorio-informacion-empresas/empresas-de-Burgos/informacion-empresas-de-Tejada/1
Burgos;Terradillos De Esgueva;http://www.axesor.es/directorio-informacion-empresas/empresas-de-Burgos/informacion-empresas-de-Terradillos-De-Esgueva/1
Burgos;Tinieblas De La Sierra;http://www.axesor.es/directorio-informacion-empresas/empresas-de-Burgos/informacion-empresas-de-Tinieblas-De-La-Sierra/1
Burgos;Tobar;http://www.axesor.es/directorio-informacion-empresas/empresas-de-Burgos/informacion-empresas-de-Tobar/1
Burgos;Tordomar;http://www.axesor.es/directorio-informacion-empresas/empresas-de-Burgos/informacion-empresas-de-Tordomar/1
Burgos;Torrecilla Del Monte;http://www.axesor.es/directorio-informacion-empresas/empresas-de-Burgos/informacion-empresas-de-Torrecilla-Del-Monte/1
Burgos;Torregalindo;http://www.axesor.es/directorio-informacion-empresas/empresas-de-Burgos/informacion-empresas-de-Torregalindo/1
Burgos;Torrelara;http://www.axesor.es/directorio-informacion-empresas/empresas-de-Burgos/informacion-empresas-de-Torrelara/1
Burgos;Torrepadre;http://www.axesor.es/directorio-informacion-empresas/empresas-de-Burgos/informacion-empresas-de-Torrepadre/1
Burgos;Torresandino;http://www.axesor.es/directorio-informacion-empresas/empresas-de-Burgos/informacion-empresas-de-Torresandino/1
Burgos;Tortoles De Esgueva;http://www.axesor.es/directorio-informacion-empresas/empresas-de-Burgos/informacion-empresas-de-Tortoles-De-Esgueva/1
Burgos;Tosantos;http://www.axesor.es/directorio-informacion-empresas/empresas-de-Burgos/informacion-empresas-de-Tosantos/1
Burgos;Trespaderne;http://www.axesor.es/directorio-informacion-empresas/empresas-de-Burgos/informacion-empresas-de-Trespaderne/1
Burgos;Tubilla Del Agua;http://www.axesor.es/directorio-informacion-empresas/empresas-de-Burgos/informacion-empresas-de-Tubilla-Del-Agua/1
Burgos;Tubilla Del Lago;http://www.axesor.es/directorio-informacion-empresas/empresas-de-Burgos/informacion-empresas-de-Tubilla-Del-Lago/1
Burgos;Urbel Del Castillo;http://www.axesor.es/directorio-informacion-empresas/empresas-de-Burgos/informacion-empresas-de-Urbel-Del-Castillo/1
Burgos;Vadocondes;http://www.axesor.es/directorio-informacion-empresas/empresas-de-Burgos/informacion-empresas-de-Vadocondes/1
Burgos;Valdeande;http://www.axesor.es/directorio-informacion-empresas/empresas-de-Burgos/informacion-empresas-de-Valdeande/1
Burgos;Valdezate;http://www.axesor.es/directorio-informacion-empresas/empresas-de-Burgos/informacion-empresas-de-Valdezate/1
Burgos;Valdorros;http://www.axesor.es/directorio-informacion-empresas/empresas-de-Burgos/informacion-empresas-de-Valdorros/1
Burgos;Vallarta De Bureba;http://www.axesor.es/directorio-informacion-empresas/empresas-de-Burgos/informacion-empresas-de-Vallarta-De-Bureba/1
Burgos;Valle De Las Navas;http://www.axesor.es/directorio-informacion-empresas/empresas-de-Burgos/informacion-empresas-de-Valle-De-Las-Navas/1
Burgos;Valle De Losa;http://www.axesor.es/directorio-informacion-empresas/empresas-de-Burgos/informacion-empresas-de-Valle-De-Losa/1
Burgos;Valle De Manzanedo;http://www.axesor.es/directorio-informacion-empresas/empresas-de-Burgos/informacion-empresas-de-Valle-De-Manzanedo/1
Burgos;Valle De Mena;http://www.axesor.es/directorio-informacion-empresas/empresas-de-Burgos/informacion-empresas-de-Valle-De-Mena/1
Burgos;Valle De Oca;http://www.axesor.es/directorio-informacion-empresas/empresas-de-Burgos/informacion-empresas-de-Valle-De-Oca/1
Burgos;Valle De Santibañez;http://www.axesor.es/directorio-informacion-empresas/empresas-de-Burgos/informacion-empresas-de-Valle-De-Santibanez/1
Burgos;Valle De Sedano;http://www.axesor.es/directorio-informacion-empresas/empresas-de-Burgos/informacion-empresas-de-Valle-De-Sedano/1
Burgos;Valle De Tobalina;http://www.axesor.es/directorio-informacion-empresas/empresas-de-Burgos/informacion-empresas-de-Valle-De-Tobalina/1
Burgos;Valle De Valdebezana;http://www.axesor.es/directorio-informacion-empresas/empresas-de-Burgos/informacion-empresas-de-Valle-De-Valdebezana/1
Burgos;Valle De Valdelaguna;http://www.axesor.es/directorio-informacion-empresas/empresas-de-Burgos/informacion-empresas-de-Valle-De-Valdelaguna/1
Burgos;Valle De Valdelucio;http://www.axesor.es/directorio-informacion-empresas/empresas-de-Burgos/informacion-empresas-de-Valle-De-Valdelucio/1
Burgos;Valle De Zamanzas;http://www.axesor.es/directorio-informacion-empresas/empresas-de-Burgos/informacion-empresas-de-Valle-De-Zamanzas/1
Burgos;Vallejera;http://www.axesor.es/directorio-informacion-empresas/empresas-de-Burgos/informacion-empresas-de-Vallejera/1
Burgos;Valles De Palenzuela;http://www.axesor.es/directorio-informacion-empresas/empresas-de-Burgos/informacion-empresas-de-Valles-De-Palenzuela/1
Burgos;Valluercanes;http://www.axesor.es/directorio-informacion-empresas/empresas-de-Burgos/informacion-empresas-de-Valluercanes/1
Burgos;Valmala;http://www.axesor.es/directorio-informacion-empresas/empresas-de-Burgos/informacion-empresas-de-Valmala/1
Burgos;Vid De Bureba (la);http://www.axesor.es/directorio-informacion-empresas/empresas-de-Burgos/informacion-empresas-de-Vid-De-Bureba-La-/1
Burgos;Vid Y Barrios (la);http://www.axesor.es/directorio-informacion-empresas/empresas-de-Burgos/informacion-empresas-de-Vid-Y-Barrios-La-/1
Burgos;Vileña;http://www.axesor.es/directorio-informacion-empresas/empresas-de-Burgos/informacion-empresas-de-Vilena/1
Burgos;Villadiego;http://www.axesor.es/directorio-informacion-empresas/empresas-de-Burgos/informacion-empresas-de-Villadiego/1
Burgos;Villaescusa De Roa;http://www.axesor.es/directorio-informacion-empresas/empresas-de-Burgos/informacion-empresas-de-Villaescusa-De-Roa/1
Burgos;Villaescusa La Sombria;http://www.axesor.es/directorio-informacion-empresas/empresas-de-Burgos/informacion-empresas-de-Villaescusa-La-Sombria/1
Burgos;Villaespasa;http://www.axesor.es/directorio-informacion-empresas/empresas-de-Burgos/informacion-empresas-de-Villaespasa/1
Burgos;Villafranca Montes De Oca;http://www.axesor.es/directorio-informacion-empresas/empresas-de-Burgos/informacion-empresas-de-Villafranca-Montes-De-Oca/1
Burgos;Villafruela;http://www.axesor.es/directorio-informacion-empresas/empresas-de-Burgos/informacion-empresas-de-Villafruela/1
Burgos;Villagalijo;http://www.axesor.es/directorio-informacion-empresas/empresas-de-Burgos/informacion-empresas-de-Villagalijo/1
Burgos;Villagonzalo Pedernales;http://www.axesor.es/directorio-informacion-empresas/empresas-de-Burgos/informacion-empresas-de-Villagonzalo-Pedernales/1
Burgos;Villahoz;http://www.axesor.es/directorio-informacion-empresas/empresas-de-Burgos/informacion-empresas-de-Villahoz/1
Burgos;Villalba De Duero;http://www.axesor.es/directorio-informacion-empresas/empresas-de-Burgos/informacion-empresas-de-Villalba-De-Duero/1
Burgos;Villalbilla De Burgos;http://www.axesor.es/directorio-informacion-empresas/empresas-de-Burgos/informacion-empresas-de-Villalbilla-De-Burgos/1
Burgos;Villalbilla De Gumiel;http://www.axesor.es/directorio-informacion-empresas/empresas-de-Burgos/informacion-empresas-de-Villalbilla-De-Gumiel/1
Burgos;Villaldemiro;http://www.axesor.es/directorio-informacion-empresas/empresas-de-Burgos/informacion-empresas-de-Villaldemiro/1
Burgos;Villalmanzo;http://www.axesor.es/directorio-informacion-empresas/empresas-de-Burgos/informacion-empresas-de-Villalmanzo/1
Burgos;Villamayor De Los Montes;http://www.axesor.es/directorio-informacion-empresas/empresas-de-Burgos/informacion-empresas-de-Villamayor-De-Los-Montes/1
Burgos;Villamayor De Treviño;http://www.axesor.es/directorio-informacion-empresas/empresas-de-Burgos/informacion-empresas-de-Villamayor-De-Trevino/1
Burgos;Villambistia;http://www.axesor.es/directorio-informacion-empresas/empresas-de-Burgos/informacion-empresas-de-Villambistia/1
Burgos;Villamedianilla;http://www.axesor.es/directorio-informacion-empresas/empresas-de-Burgos/informacion-empresas-de-Villamedianilla/1
Burgos;Villamiel De La Sierra;http://www.axesor.es/directorio-informacion-empresas/empresas-de-Burgos/informacion-empresas-de-Villamiel-De-La-Sierra/1
Burgos;Villangomez;http://www.axesor.es/directorio-informacion-empresas/empresas-de-Burgos/informacion-empresas-de-Villangomez/1
Burgos;Villanueva De Argaño;http://www.axesor.es/directorio-informacion-empresas/empresas-de-Burgos/informacion-empresas-de-Villanueva-De-Argano/1
Burgos;Villanueva De Carazo;http://www.axesor.es/directorio-informacion-empresas/empresas-de-Burgos/informacion-empresas-de-Villanueva-De-Carazo/1
Burgos;Villanueva De Gumiel;http://www.axesor.es/directorio-informacion-empresas/empresas-de-Burgos/informacion-empresas-de-Villanueva-De-Gumiel/1
Burgos;Villanueva De Teba;http://www.axesor.es/directorio-informacion-empresas/empresas-de-Burgos/informacion-empresas-de-Villanueva-De-Teba/1
Burgos;Villaquiran De La Puebla;http://www.axesor.es/directorio-informacion-empresas/empresas-de-Burgos/informacion-empresas-de-Villaquiran-De-La-Puebla/1
Burgos;Villaquiran De Los Infantes;http://www.axesor.es/directorio-informacion-empresas/empresas-de-Burgos/informacion-empresas-de-Villaquiran-De-Los-Infantes/1
Burgos;Villarcayo De Merindad De Castilla La Vieja;http://www.axesor.es/directorio-informacion-empresas/empresas-de-Burgos/informacion-empresas-de-Villarcayo-De-Merindad-De-Castilla-La-Vieja/1
Burgos;Villariezo;http://www.axesor.es/directorio-informacion-empresas/empresas-de-Burgos/informacion-empresas-de-Villariezo/1
Burgos;Villasandino;http://www.axesor.es/directorio-informacion-empresas/empresas-de-Burgos/informacion-empresas-de-Villasandino/1
Burgos;Villasur De Herreros;http://www.axesor.es/directorio-informacion-empresas/empresas-de-Burgos/informacion-empresas-de-Villasur-De-Herreros/1
Burgos;Villatuelda;http://www.axesor.es/directorio-informacion-empresas/empresas-de-Burgos/informacion-empresas-de-Villatuelda/1
Burgos;Villaverde Del Monte;http://www.axesor.es/directorio-informacion-empresas/empresas-de-Burgos/informacion-empresas-de-Villaverde-Del-Monte/1
Burgos;Villaverde-mogina;http://www.axesor.es/directorio-informacion-empresas/empresas-de-Burgos/informacion-empresas-de-Villaverde-Mogina/1
Burgos;Villayerno Morquillas;http://www.axesor.es/directorio-informacion-empresas/empresas-de-Burgos/informacion-empresas-de-Villayerno-Morquillas/1
Burgos;Villazopeque;http://www.axesor.es/directorio-informacion-empresas/empresas-de-Burgos/informacion-empresas-de-Villazopeque/1
Burgos;Villegas;http://www.axesor.es/directorio-informacion-empresas/empresas-de-Burgos/informacion-empresas-de-Villegas/1
Burgos;Villoruebo;http://www.axesor.es/directorio-informacion-empresas/empresas-de-Burgos/informacion-empresas-de-Villoruebo/1
Burgos;Viloria De Rioja;http://www.axesor.es/directorio-informacion-empresas/empresas-de-Burgos/informacion-empresas-de-Viloria-De-Rioja/1
Burgos;Vilviestre Del Pinar;http://www.axesor.es/directorio-informacion-empresas/empresas-de-Burgos/informacion-empresas-de-Vilviestre-Del-Pinar/1
Burgos;Vizcainos;http://www.axesor.es/directorio-informacion-empresas/empresas-de-Burgos/informacion-empresas-de-Vizcainos/1
Burgos;Zael;http://www.axesor.es/directorio-informacion-empresas/empresas-de-Burgos/informacion-empresas-de-Zael/1
Burgos;Zarzosa De Rio Pisuerga;http://www.axesor.es/directorio-informacion-empresas/empresas-de-Burgos/informacion-empresas-de-Zarzosa-De-Rio-Pisuerga/1
Burgos;Zazuar;http://www.axesor.es/directorio-informacion-empresas/empresas-de-Burgos/informacion-empresas-de-Zazuar/1
Burgos;Zuñeda;http://www.axesor.es/directorio-informacion-empresas/empresas-de-Burgos/informacion-empresas-de-Zuneda/1
